[Method:0x01a5]	-1	System.Double System.Math::Sqrt(System.Double)
[Method:0x01a5]	-1	System.Type System.Type::GetTypeFromHandle(System.RuntimeTypeHandle)
[Method:0x01a5]	-1	System.Void System.IndexOutOfRangeException::.ctor()
[Method:0x01a5]	-1	System.Void System.NullReferenceException::.ctor()
[Method:0x01a5]	1	System.Void System.Object::.ctor()
[Method:0x01b2]	1	!0 System.Collections.Generic.List`1/Enumerator<BoardEntry>::get_Current()
[Method:0x01b2]	1	!0 System.Collections.Generic.List`1/Enumerator<ZombieInfo>::get_Current()
[Method:0x01b2]	1	System.Boolean System.Collections.Generic.List`1/Enumerator<BoardEntry>::MoveNext()
[Method:0x01b2]	-2	System.Boolean System.Collections.Generic.List`1/Enumerator<System.Object>::MoveNext()
[Method:0x01b2]	1	System.Boolean System.Collections.Generic.List`1/Enumerator<ZombieInfo>::MoveNext()
[Method:0x01b2]	1	System.Collections.Generic.List`1/Enumerator<!0> System.Collections.Generic.List`1<BoardEntry>::GetEnumerator()
[Method:0x01b2]	1	System.Collections.Generic.List`1/Enumerator<!0> System.Collections.Generic.List`1<ZombieInfo>::GetEnumerator()
[Method:0x01b2]	1	System.Int32 System.Collections.Generic.List`1<System.Int32>::get_Count()
[Method:0x01b2]	1	System.Int32 System.Collections.Generic.List`1<ZombieSelect>::get_Count()
[Method:0x01b2]	-1	System.Void EnemySelecter::.ctor()
[Method:0x01b2]	1	System.Void System.Collections.Generic.List`1/Enumerator<BoardEntry>::Dispose()
[Method:0x01b2]	-1	System.Void System.Collections.Generic.List`1<System.Object>::AddWithResize(!0)
[Method:0x01b2]	-1	System.Void System.Collections.Generic.List`1<System.Object>::RemoveAt(System.Int32)
[Method:0x01b2]	-1	System.Void System.Collections.Generic.List`1<ZombieSelect>::.ctor()
[Method:0x01b2]	1	System.Void System.Collections.Generic.List`1<ZombieSelect>::Add(!0)
[Method:0x01b2]	1	System.Void System.Collections.Generic.List`1<ZombieSelect>::RemoveAt(System.Int32)
[Method:0x01b2]	-4	System.Void System.NullReferenceException::.ctor()
[Method:0x01e0]	2	!0 System.Collections.Generic.List`1/Enumerator<Zombie>::get_Current()
[Method:0x01e0]	2	PrepareUIController PrepareUIController::get_Instance()
[Method:0x01e0]	-2	System.Boolean System.Collections.Generic.List`1/Enumerator<System.Object>::MoveNext()
[Method:0x01e0]	2	System.Boolean System.Collections.Generic.List`1/Enumerator<Zombie>::MoveNext()
[Method:0x01e0]	2	System.Boolean UnityEngine.Object::op_Equality(UnityEngine.Object,UnityEngine.Object)
[Method:0x01e0]	-2	System.Boolean UnityEngine.Object::op_Inequality(UnityEngine.Object,UnityEngine.Object)
[Method:0x01e0]	2	System.Collections.Generic.List`1/Enumerator<!0> System.Collections.Generic.List`1<Zombie>::GetEnumerator()
[Method:0x01e0]	-2	System.Type System.Type::GetTypeFromHandle(System.RuntimeTypeHandle)
[Method:0x01e0]	-5	System.Void System.NullReferenceException::.ctor()
[Method:0x0248]	1	!0 System.Collections.Generic.List`1/Enumerator<BoardEntry>::get_Current()
[Method:0x0248]	1	System.Boolean System.Collections.Generic.List`1/Enumerator<BoardEntry>::MoveNext()
[Method:0x0248]	-1	System.Boolean System.Collections.Generic.List`1/Enumerator<System.Object>::MoveNext()
[Method:0x0248]	1	System.Collections.Generic.List`1/Enumerator<!0> System.Collections.Generic.List`1<BoardEntry>::GetEnumerator()
[Method:0x0248]	1	System.Void System.Collections.Generic.List`1/Enumerator<BoardEntry>::Dispose()
[Method:0x0248]	-1	System.Void System.IndexOutOfRangeException::.ctor()
[Method:0x0248]	-2	System.Void System.NullReferenceException::.ctor()
[Method:0x0267]	1	!0 System.Collections.Generic.List`1/Enumerator<BoardEntry>::get_Current()
[Method:0x0267]	1	System.Boolean System.Collections.Generic.List`1/Enumerator<BoardEntry>::MoveNext()
[Method:0x0267]	-1	System.Boolean System.Collections.Generic.List`1/Enumerator<System.Object>::MoveNext()
[Method:0x0267]	1	System.Collections.Generic.List`1/Enumerator<!0> System.Collections.Generic.List`1<BoardEntry>::GetEnumerator()
[Method:0x0267]	1	System.Void System.Collections.Generic.List`1/Enumerator<BoardEntry>::Dispose()
[Method:0x0267]	-2	System.Void System.NullReferenceException::.ctor()
[Method:0x039f]	1	System.Void UnityEngine.Animator::SetTrigger(System.String)
